route_id,endpoint,resolution,key_type,route_class,single_prompt,price_per_second_cny,price_unit,price_evidence,price_date,source_id,source_url,duration_options,actual_pixels,five_second_cost,ten_second_cost,fifteen_second_cost,full_cost_status,unknowns
standard:minimax/h3-max-turbo/image-to-video:768P,minimax/h3-max-turbo/image-to-video,768P,enterprise-shared,optional_media,False,0.34,CNY/billable_output_second,official_public_table_retrieved_not_live_bill,2026-09-21,runninghub-public-cn-20260921,https://www.runninghub.cn/call-api/api-detail/2133100000000504402,5|6|7|8|9|10|11|12|13|14|15,未验证（标签不能代替媒体检查）,未核验,未核验,未核验,incomplete,前置输入、再生成/超分源视频或附加收费未闭合；模型阶段价格不等于从头总价。
standard:minimax/h3-max-turbo/text-to-video:768P,minimax/h3-max-turbo/text-to-video,768P,enterprise-shared,direct_text,True,0.34,CNY/billable_output_second,official_public_table_retrieved_not_live_bill,2026-09-21,runninghub-public-cn-20260921,https://www.runninghub.cn/call-api/api-detail/2133100000000504401,5|6|7|8|9|10|11|12|13|14|15,未验证（标签不能代替媒体检查）,¥1.70,¥3.40,¥5.10,dated_quote_not_live_bill,提交前复核价格；失败/取消费及固定费用不在成功单任务报价内。
standard:minimax/hailuo-h3-max/image-to-video:768P,minimax/hailuo-h3-max/image-to-video,768P,enterprise-shared,optional_media,False,0.63,CNY/billable_output_second,official_public_table_retrieved_not_live_bill,2026-09-21,runninghub-public-cn-20260921,https://www.runninghub.cn/call-api/api-detail/2133100000000504205,5|6|7|8|9|10|11|12|13|14|15,未验证（标签不能代替媒体检查）,未核验,未核验,未核验,incomplete,前置输入、再生成/超分源视频或附加收费未闭合；模型阶段价格不等于从头总价。
standard:minimax/hailuo-h3-max/text-to-video:768P,minimax/hailuo-h3-max/text-to-video,768P,enterprise-shared,direct_text,True,0.63,CNY/billable_output_second,official_public_table_retrieved_not_live_bill,2026-09-21,runninghub-public-cn-20260921,https://www.runninghub.cn/call-api/api-detail/2133100000000504204,5|6|7|8|9|10|11|12|13|14|15,未验证（标签不能代替媒体检查）,¥3.15,¥6.30,¥9.45,dated_quote_not_live_bill,提交前复核价格；失败/取消费及固定费用不在成功单任务报价内。
standard:minimax/hailuo-h3/image-to-video:768P,minimax/hailuo-h3/image-to-video,768P,enterprise-shared,optional_media,False,0.48,CNY/billable_output_second,official_public_table_retrieved_not_live_bill,2026-09-21,runninghub-public-cn-20260921,https://www.runninghub.cn/call-api/api-detail/2133100000000504203,5|6|7|8|9|10|11|12|13|14|15,未验证（标签不能代替媒体检查）,未核验,未核验,未核验,incomplete,前置输入、再生成/超分源视频或附加收费未闭合；模型阶段价格不等于从头总价。
standard:minimax/hailuo-h3/multimodal-to-video:768P,minimax/hailuo-h3/multimodal-to-video,768P,enterprise-shared,optional_media,False,0.48,CNY/billable_output_second,official_public_table_retrieved_not_live_bill,2026-09-21,runninghub-public-cn-20260921,https://www.runninghub.cn/call-api/api-detail/2133100000000504201,5|6|7|8|9|10|11|12|13|14|15,未验证（标签不能代替媒体检查）,未核验,未核验,未核验,incomplete,前置输入、再生成/超分源视频或附加收费未闭合；模型阶段价格不等于从头总价。
standard:minimax/hailuo-h3/text-to-video:768P,minimax/hailuo-h3/text-to-video,768P,enterprise-shared,direct_text,True,0.48,CNY/billable_output_second,official_public_table_retrieved_not_live_bill,2026-09-21,runninghub-public-cn-20260921,https://www.runninghub.cn/call-api/api-detail/2133100000000504202,5|6|7|8|9|10|11|12|13|14|15,未验证（标签不能代替媒体检查）,¥2.40,¥4.80,¥7.20,dated_quote_not_live_bill,提交前复核价格；失败/取消费及固定费用不在成功单任务报价内。
personal-h3-768P,minimax/hailuo-h3/text-to-video,768P,consumer-member,personal-ai-app,True,,CNY + RH_coin,not_measured,,personal-runs-20260917,https://github.com/Embracecactus/comfyui-learning-hub/blob/3e2e4c43e778e41a9bc577edd8ee3d25ad095471/docs/05-RunningHub-API/runninghub-h3-2k-api.html,5|6|7|8|9|10|11|12|13|14|15,未测,未核验,未核验,未核验,mixed_units_no_cny_total,币兑人民币、会员费分摊、10/15秒附加币未知；个人应用价不等于企业价。
personal-open-h3-768p,workflow:h3-t2v-open-768p-cloud.json,768P,consumer-member,personal-open-workflow,True,,CNY + RH_coin,reported_live_run_not_requeried,2026-09-16,registry-snapshot-20260913,https://github.com/Embracecactus/comfyui-learning-hub/blob/3e2e4c43e778e41a9bc577edd8ee3d25ad095471/docs/05-RunningHub-API/data/runninghub-api-registry.json,5|6|7|8|9|10|11|12|13|14|15,历史实测1344×768@24fps,历史实测78 RH币／5.167媒体秒；195运行秒,未知（不按运行时间线性外推）,未知（不按运行时间线性外推）,mixed_units_no_cny_total,云端运行秒计费；冷启动/长度非线性；不是标准模型API768P档证据。
