endpoint,sku_id,classification,2k_nature,duration_options,price_columns,2k_price_rows,additional_material_charges,minimum_billing,base_subtitle,billing_tip,source_url,retrieved_at,evidence,actual_bill_verified
arklin/video-super-resolution,2133100000000700039,upscaler,独立视频增强/超分,,"[{""name"": ""处理版本"", ""width"": null, ""identity"": null}, {""name"": ""输出分辨率"", ""width"": null, ""identity"": null}, {""name"": ""帧率 ≤ 30（元/秒）"", ""width"": null, ""identity"": null}, {""name"": ""30 < 帧率 ≤ 60（元/秒）"", ""width"": null, ""identity"": null}]","[[""常规版"", ""2K"", ""¥0.05"", ""¥0.1""], [""专业版"", ""2K"", ""¥0.35"", ""¥0.7""]]",null,null,按时长秒数 × 单价计费（处理版本 × 分辨率 × 帧率档）。,注意：填写 tarfps 按目标帧率分档；不填 tarfps 按输入视频帧率分档（低于 24 按 24、高于 60 按 60）。须上传视频后方可预估。,https://www.runninghub.cn/call-api/api-detail/2133100000000700039,2026-09-21T07:32:56.348856+00:00,official_public_table_not_actual_bill,False
bytedance/seedance-2.5-token/image-to-video,2133100000000700021,required_media,720p原生生成后超分（官方价表明示）,-1|4|5|6|7|8|9|10|11|12|13|14|15|16|17|18|19|20|21|22|23|24|25|26|27|28|29|30,"[{""name"": ""档位"", ""width"": null, ""identity"": null}, {""name"": ""价格（¥/百万 tokens）"", ""width"": null, ""identity"": null}, {""name"": ""备注"", ""width"": null, ""identity"": null}]","[[""2k"", ""¥87.5/百万 tokens\n附加: ¥0.42/秒"", ""基于 720p 原生生成后进行画质放大。\n按token单价+附加每秒单价计费。\n总价 = 百万 token 单价 × token 用量 / 1,000,000 + 生成视频时长 × 附加单价""]]",null,null,,,https://www.runninghub.cn/call-api/api-detail/2133100000000700021,2026-09-21T07:32:53.714769+00:00,official_public_table_not_actual_bill,False
bytedance/seedance-2.5-token/multimodal-video,2133100000000700022,optional_media,720p原生生成后超分（官方价表明示）,-1|4|5|6|7|8|9|10|11|12|13|14|15|16|17|18|19|20|21|22|23|24|25|26|27|28|29|30,"[{""name"": ""档位"", ""width"": null, ""identity"": null}, {""name"": ""价格（¥/百万 tokens）"", ""width"": null, ""identity"": null}, {""name"": ""备注"", ""width"": null, ""identity"": null}]","[[""2k · 无参考视频"", ""¥87.5/百万 tokens\n附加: ¥0.42/秒"", ""基于 720p 原生生成后进行画质放大。\n按token单价+附加每秒单价计费。\n总价 = 百万 token 单价 × token 用量 / 1,000,000 + 生成视频时长 × 附加单价""], [""2k · 有参考视频"", ""¥52.5/百万 tokens\n附加: ¥0.42/秒"", ""基于 720p 原生生成后进行画质放大。\n按token单价+附加每秒单价计费。\n总价 = 百万 token 单价 × token 用量 / 1,000,000 + 生成视频时长 × 附加单价""]]",null,null,,,https://www.runninghub.cn/call-api/api-detail/2133100000000700022,2026-09-21T07:32:54.035205+00:00,official_public_table_not_actual_bill,False
bytedance/seedance-2.5-token/text-to-video,2133100000000700020,direct_text,720p原生生成后超分（官方价表明示）,-1|4|5|6|7|8|9|10|11|12|13|14|15|16|17|18|19|20|21|22|23|24|25|26|27|28|29|30,"[{""name"": ""档位"", ""width"": null, ""identity"": null}, {""name"": ""价格（¥/百万 tokens）"", ""width"": null, ""identity"": null}, {""name"": ""备注"", ""width"": null, ""identity"": null}]","[[""2k"", ""¥87.5/百万 tokens\n附加: ¥0.42/秒"", ""基于 720p 原生生成后进行画质放大。\n按token单价+附加每秒单价计费。\n总价 = 百万 token 单价 × token 用量 / 1,000,000 + 生成视频时长 × 附加单价""]]",null,null,,,https://www.runninghub.cn/call-api/api-detail/2133100000000700020,2026-09-21T07:32:53.550708+00:00,official_public_table_not_actual_bill,False
minimax/hailuo-h3/image-to-video,2133100000000504203,optional_media,见具体契约；标签不代替像素实测,5|6|7|8|9|10|11|12|13|14|15,"[{""name"": ""分辨率"", ""width"": null, ""identity"": null}, {""name"": ""价格（¥/秒）"", ""width"": null, ""identity"": null}]","[[""2K"", ""¥0.77/秒""]]",null,null,,,https://www.runninghub.cn/call-api/api-detail/2133100000000504203,2026-09-21T07:32:48.071542+00:00,official_public_table_not_actual_bill,False
minimax/hailuo-h3/multimodal-to-video,2133100000000504201,optional_media,见具体契约；标签不代替像素实测,5|6|7|8|9|10|11|12|13|14|15,"[{""name"": ""分辨率"", ""width"": null, ""identity"": null}, {""name"": ""价格（¥/秒）"", ""width"": null, ""identity"": null}]","[[""2K"", ""¥0.77/秒""]]","[{""cells"": [""视频"", ""按输入视频秒数及输出视频分辨率计费：2K 为 ¥0.77/秒，768P 为 ¥0.48/秒""]}, {""cells"": [""图片"", ""5 张以内免费；超过 5 张的部分，统一按 ¥0.2/张收费""]}, {""cells"": [""音频"", ""免费""]}]",null,,,https://www.runninghub.cn/call-api/api-detail/2133100000000504201,2026-09-21T07:32:48.350055+00:00,official_public_table_not_actual_bill,False
minimax/hailuo-h3/regeneration-image-to-video,2133100000000504212,regeneration,768P再生成2K,,"[{""name"": ""分辨率"", ""width"": null, ""identity"": null}, {""name"": ""价格（¥/秒）"", ""width"": null, ""identity"": null}]","[[""768P → 2K"", ""¥0.3/秒""]]",null,null,将已生成的 768P 视频进一步生成为 2K 视频，按视频再生成输出秒数计费。,,https://www.runninghub.cn/call-api/api-detail/2133100000000504212,2026-09-21T07:32:50.014248+00:00,official_public_table_not_actual_bill,False
minimax/hailuo-h3/regeneration-multimodal-to-video,2133100000000504213,regeneration,768P再生成2K,,"[{""name"": ""分辨率"", ""width"": null, ""identity"": null}, {""name"": ""价格（¥/秒）"", ""width"": null, ""identity"": null}]","[[""768P → 2K"", ""¥0.3/秒""]]","[{""cells"": [""视频"", ""按原 768P 生成任务中输入视频的秒数计费：¥0.3/秒""]}, {""cells"": [""图片"", ""5 张以内免费；超过 5 张的部分，统一按 ¥0.15/张收费""]}, {""cells"": [""音频"", ""免费""]}]",null,将已生成的 768P 视频进一步生成为 2K 视频，按视频再生成输出秒数计费。,,https://www.runninghub.cn/call-api/api-detail/2133100000000504213,2026-09-21T07:32:50.159950+00:00,official_public_table_not_actual_bill,False
minimax/hailuo-h3/regeneration-text-to-video,2133100000000504211,regeneration,768P再生成2K,,"[{""name"": ""分辨率"", ""width"": null, ""identity"": null}, {""name"": ""价格（¥/秒）"", ""width"": null, ""identity"": null}]","[[""768P → 2K"", ""¥0.3/秒""]]",null,null,将已生成的 768P 视频进一步生成为 2K 视频，按视频再生成输出秒数计费。,,https://www.runninghub.cn/call-api/api-detail/2133100000000504211,2026-09-21T07:32:49.850548+00:00,official_public_table_not_actual_bill,False
minimax/hailuo-h3/text-to-video,2133100000000504202,direct_text,见具体契约；标签不代替像素实测,5|6|7|8|9|10|11|12|13|14|15,"[{""name"": ""分辨率"", ""width"": null, ""identity"": null}, {""name"": ""价格（¥/秒）"", ""width"": null, ""identity"": null}]","[[""2K"", ""¥0.77/秒""]]",null,null,,,https://www.runninghub.cn/call-api/api-detail/2133100000000504202,2026-09-21T07:32:49.123830+00:00,official_public_table_not_actual_bill,False
rhart-video/sparkvideo-2.0-fast/image-to-video,2034917373414539276,required_media,720p原生生成后超分（官方价表明示）,-1|4|5|6|7|8|9|10|11|12|13|14|15,"[{""name"": ""分辨率"", ""width"": null, ""identity"": null}, {""name"": ""价格（¥/秒）"", ""width"": null, ""identity"": null}, {""name"": ""备注"", ""width"": null, ""identity"": null}]","[[""2k"", ""¥1.42/秒"", ""基于 720p 原生生成后进行画质放大。\n按秒计费。计费秒数=生成视频时长；总价=单价×计费秒数。""]]",null,null,,,https://www.runninghub.cn/call-api/api-detail/2034917373414539276,2026-09-21T07:32:19.775380+00:00,official_public_table_not_actual_bill,False
rhart-video/sparkvideo-2.0-fast/multimodal-video,2034917373414539278,optional_media,720p原生生成后超分（官方价表明示）,-1|4|5|6|7|8|9|10|11|12|13|14|15,"[{""name"": ""档位"", ""width"": null, ""identity"": null}, {""name"": ""价格（¥/秒）"", ""width"": null, ""identity"": null}, {""name"": ""备注"", ""width"": null, ""identity"": null}]","[[""2k · 无参考视频"", ""¥1.42/秒"", ""基于 720p 原生生成后进行画质放大。\n按秒计费。\n计费秒数 = 生成视频时长；\n总价 = 单价 × 计费秒数。""], [""2k · 有参考视频"", ""基础: ¥0.6/秒\n附加: ¥0.42/秒"", ""基于 720p 原生生成后进行画质放大。\n按秒计费，设有最低计费限制。\n基础计费秒数 = 取 [输入视频时长 + 生成视频时长] 与 [系统最低计费时长] 中的最大值；\n总价 = 基础计费秒数 × ¥0.6 + 生成视频时长 × ¥0.42。""]]",null,"{""title"": ""最低计费时长对照表"", ""headerRow"": [""输出时长（秒）"", ""4"", ""5"", ""6"", ""7"", ""8"", ""9"", ""10"", ""11"", ""12"", ""13"", ""14"", ""15""], ""dataRow"": [""最低计费时长（秒）"", ""7"", ""9"", ""10"", ""12"", ""14"", ""15"", ""17"", ""19"", ""20"", ""22"", ""24"", ""25""], ""note"": ""计费规则说明：因 AI 处理视频需消耗固定的基础解析资源，当您的“输入视频时长+生成视频时长”较短时，系统将按表格中的【最低计费时长】进行计算。若您的总时长已超过该数值，则按实际时长正常计费。""}",,,https://www.runninghub.cn/call-api/api-detail/2034917373414539278,2026-09-21T07:32:20.969545+00:00,official_public_table_not_actual_bill,False
rhart-video/sparkvideo-2.0-fast/text-to-video,2034917373414539274,direct_text,720p原生生成后超分（官方价表明示）,-1|4|5|6|7|8|9|10|11|12|13|14|15,"[{""name"": ""分辨率"", ""width"": null, ""identity"": null}, {""name"": ""价格（¥/秒）"", ""width"": null, ""identity"": null}, {""name"": ""备注"", ""width"": null, ""identity"": null}]","[[""2k"", ""¥1.42/秒"", ""基于 720p 原生生成后进行画质放大。\n按秒计费。计费秒数=生成视频时长；总价=单价×计费秒数。""]]",null,null,,,https://www.runninghub.cn/call-api/api-detail/2034917373414539274,2026-09-21T07:32:18.930400+00:00,official_public_table_not_actual_bill,False
rhart-video/sparkvideo-2.0-mini/image-to-video,2133000000000504042,required_media,720p原生生成后超分（官方价表明示）,-1|4|5|6|7|8|9|10|11|12|13|14|15,"[{""name"": ""分辨率"", ""width"": null, ""identity"": null}, {""name"": ""价格（¥/秒）"", ""width"": null, ""identity"": null}, {""name"": ""备注"", ""width"": null, ""identity"": null}]","[[""2k"", ""¥1.02/秒"", ""基于 720p 原生生成后进行超分补帧。\n按秒计费。计费秒数=生成视频时长；总价=单价×计费秒数。""]]",null,null,,,https://www.runninghub.cn/call-api/api-detail/2133000000000504042,2026-09-21T07:32:42.918586+00:00,official_public_table_not_actual_bill,False
rhart-video/sparkvideo-2.0-mini/multimodal-video,2133000000000504043,optional_media,720p原生生成后超分（官方价表明示）,-1|4|5|6|7|8|9|10|11|12|13|14|15,"[{""name"": ""档位"", ""width"": null, ""identity"": null}, {""name"": ""价格（¥/秒）"", ""width"": null, ""identity"": null}, {""name"": ""备注"", ""width"": null, ""identity"": null}]","[[""2k · 无参考视频"", ""¥1.02/秒"", ""基于 720p 原生生成后进行超分补帧。\n按秒计费。计费秒数=生成视频时长；总价=单价×计费秒数。""], [""2k · 有参考视频"", ""基础: ¥0.4/秒\n附加: ¥0.42/秒"", ""基于 720p 原生生成后进行超分补帧。\n按秒计费，设有最低计费限制。基础计费秒数 = 取 [输入视频时长 + 生成视频时长] 与 [系统最低计费时长] 中的最大值；总价 = 基础计费秒数 × ¥0.4 + 生成视频时长 × ¥0.42。""]]",null,"{""title"": ""最低计费时长对照表"", ""headerRow"": [""输出时长（秒）"", ""4"", ""5"", ""6"", ""7"", ""8"", ""9"", ""10"", ""11"", ""12"", ""13"", ""14"", ""15""], ""dataRow"": [""最低计费时长（秒）"", ""7"", ""9"", ""10"", ""12"", ""14"", ""15"", ""17"", ""19"", ""20"", ""22"", ""24"", ""25""], ""note"": ""计费规则说明：因 AI 处理视频需消耗固定的基础解析资源，当您的“输入视频时长+生成视频时长”较短时，系统将按表格中的【最低计费时长】进行计算。若您的总时长已超过该数值，则按实际时长正常计费。""}",,,https://www.runninghub.cn/call-api/api-detail/2133000000000504043,2026-09-21T07:32:43.090794+00:00,official_public_table_not_actual_bill,False
rhart-video/sparkvideo-2.0-mini/text-to-video,2133000000000504041,direct_text,720p原生生成后超分（官方价表明示）,-1|4|5|6|7|8|9|10|11|12|13|14|15,"[{""name"": ""分辨率"", ""width"": null, ""identity"": null}, {""name"": ""价格（¥/秒）"", ""width"": null, ""identity"": null}, {""name"": ""备注"", ""width"": null, ""identity"": null}]","[[""2k"", ""¥1.02/秒"", ""基于 720p 原生生成后进行超分补帧。\n按秒计费。计费秒数=生成视频时长；总价=单价×计费秒数。""]]",null,null,,,https://www.runninghub.cn/call-api/api-detail/2133000000000504041,2026-09-21T07:32:44.302028+00:00,official_public_table_not_actual_bill,False
rhart-video/sparkvideo-2.0/image-to-video,2034917373414539275,required_media,720p原生生成后超分（官方价表明示）,-1|4|5|6|7|8|9|10|11|12|13|14|15,"[{""name"": ""分辨率"", ""width"": null, ""identity"": null}, {""name"": ""价格（¥/秒）"", ""width"": null, ""identity"": null}, {""name"": ""备注"", ""width"": null, ""identity"": null}]","[[""2k"", ""¥1.62/秒"", ""基于 720p 原生生成后进行画质放大。\n按秒计费。计费秒数=生成视频时长；总价=单价×计费秒数。""]]",null,null,,,https://www.runninghub.cn/call-api/api-detail/2034917373414539275,2026-09-21T07:32:20.065514+00:00,official_public_table_not_actual_bill,False
rhart-video/sparkvideo-2.0/multimodal-video,2034917373414539277,optional_media,720p原生生成后超分（官方价表明示）,-1|4|5|6|7|8|9|10|11|12|13|14|15,"[{""name"": ""档位"", ""width"": null, ""identity"": null}, {""name"": ""价格（¥/秒）"", ""width"": null, ""identity"": null}, {""name"": ""备注"", ""width"": null, ""identity"": null}]","[[""2k · 无参考视频"", ""¥1.62/秒"", ""基于 720p 原生生成后进行画质放大。\n按秒计费。\n计费秒数 = 生成视频时长；\n总价 = 单价 × 计费秒数。""], [""2k · 有参考视频"", ""基础: ¥0.8/秒\n附加: ¥0.42/秒"", ""基于 720p 原生生成后进行画质放大。\n按秒计费，设有最低计费限制。\n基础计费秒数 = 取 [输入视频时长 + 生成视频时长] 与 [系统最低计费时长] 中的最大值；\n总价 = 基础计费秒数 × ¥0.8 + 生成视频时长 × ¥0.42。""]]",null,"{""title"": ""最低计费时长对照表"", ""headerRow"": [""输出时长（秒）"", ""4"", ""5"", ""6"", ""7"", ""8"", ""9"", ""10"", ""11"", ""12"", ""13"", ""14"", ""15""], ""dataRow"": [""最低计费时长（秒）"", ""7"", ""9"", ""10"", ""12"", ""14"", ""15"", ""17"", ""19"", ""20"", ""22"", ""24"", ""25""], ""note"": ""计费规则说明：因 AI 处理视频需消耗固定的基础解析资源，当您的“输入视频时长+生成视频时长”较短时，系统将按表格中的【最低计费时长】进行计算。若您的总时长已超过该数值，则按实际时长正常计费。""}",,,https://www.runninghub.cn/call-api/api-detail/2034917373414539277,2026-09-21T07:32:20.663186+00:00,official_public_table_not_actual_bill,False
rhart-video/sparkvideo-2.0/multimodal-video-star,2065339476332175362,template,720p原生生成后超分（官方价表明示）,-1|4|5|6|7|8|9|10|11|12|13|14|15,"[{""name"": ""档位"", ""width"": null, ""identity"": null}, {""name"": ""价格（¥/秒）"", ""width"": null, ""identity"": null}, {""name"": ""备注"", ""width"": null, ""identity"": null}]","[[""2k · 无参考视频"", ""¥1.74/秒"", ""基于 720p 原生生成后进行画质放大。\n按秒计费。\n计费秒数 = 生成视频时长；\n总价 = 单价 × 计费秒数。""], [""2k · 有参考视频"", ""基础: ¥0.88/秒\n附加: ¥0.42/秒"", ""基于 720p 原生生成后进行画质放大。\n按秒计费，设有最低计费限制。\n基础计费秒数 = 取 [输入视频时长 + 生成视频时长] 与 [系统最低计费时长] 中的最大值；\n总价 = 基础计费秒数 × ¥0.88 + 生成视频时长 × ¥0.42。""]]",null,"{""title"": ""最低计费时长对照表"", ""headerRow"": [""输出时长（秒）"", ""4"", ""5"", ""6"", ""7"", ""8"", ""9"", ""10"", ""11"", ""12"", ""13"", ""14"", ""15""], ""dataRow"": [""最低计费时长（秒）"", ""7"", ""9"", ""10"", ""12"", ""14"", ""15"", ""17"", ""19"", ""20"", ""22"", ""24"", ""25""], ""note"": ""计费规则说明：因 AI 处理视频需消耗固定的基础解析资源，当您的“输入视频时长+生成视频时长”较短时，系统将按表格中的【最低计费时长】进行计算。若您的总时长已超过该数值，则按实际时长正常计费。""}",,,https://www.runninghub.cn/call-api/api-detail/2065339476332175362,2026-09-21T07:32:39.301644+00:00,official_public_table_not_actual_bill,False
rhart-video/sparkvideo-2.0/multimodal-video-star-fast,2065345589362483202,template,720p原生生成后超分（官方价表明示）,-1|4|5|6|7|8|9|10|11|12|13|14|15,"[{""name"": ""档位"", ""width"": null, ""identity"": null}, {""name"": ""价格（¥/秒）"", ""width"": null, ""identity"": null}, {""name"": ""备注"", ""width"": null, ""identity"": null}]","[[""2k · 无参考视频"", ""¥1.52/秒"", ""基于 720p 原生生成后进行画质放大。\n按秒计费。\n计费秒数 = 生成视频时长；\n总价 = 单价 × 计费秒数。""], [""2k · 有参考视频"", ""基础: ¥0.66/秒\n附加: ¥0.42/秒"", ""基于 720p 原生生成后进行画质放大。\n按秒计费，设有最低计费限制。\n基础计费秒数 = 取 [输入视频时长 + 生成视频时长] 与 [系统最低计费时长] 中的最大值；\n总价 = 基础计费秒数 × ¥0.66 + 生成视频时长 × ¥0.42。""]]",null,"{""title"": ""最低计费时长对照表"", ""headerRow"": [""输出时长（秒）"", ""4"", ""5"", ""6"", ""7"", ""8"", ""9"", ""10"", ""11"", ""12"", ""13"", ""14"", ""15""], ""dataRow"": [""最低计费时长（秒）"", ""7"", ""9"", ""10"", ""12"", ""14"", ""15"", ""17"", ""19"", ""20"", ""22"", ""24"", ""25""], ""note"": ""计费规则说明：因 AI 处理视频需消耗固定的基础解析资源，当您的“输入视频时长+生成视频时长”较短时，系统将按表格中的【最低计费时长】进行计算。若您的总时长已超过该数值，则按实际时长正常计费。""}",,,https://www.runninghub.cn/call-api/api-detail/2065345589362483202,2026-09-21T07:32:39.485352+00:00,official_public_table_not_actual_bill,False
rhart-video/sparkvideo-2.0/text-to-video,2034917373414539273,direct_text,720p原生生成后超分（官方价表明示）,-1|4|5|6|7|8|9|10|11|12|13|14|15,"[{""name"": ""分辨率"", ""width"": null, ""identity"": null}, {""name"": ""价格（¥/秒）"", ""width"": null, ""identity"": null}, {""name"": ""备注"", ""width"": null, ""identity"": null}]","[[""2k"", ""¥1.62/秒"", ""基于 720p 原生生成后进行画质放大。\n按秒计费。计费秒数=生成视频时长；总价=单价×计费秒数。""]]",null,null,,,https://www.runninghub.cn/call-api/api-detail/2034917373414539273,2026-09-21T07:32:18.867201+00:00,official_public_table_not_actual_bill,False
rhart-video/video-upscaler,2038503362263322627,upscaler,独立视频增强/超分,,"[{""name"": ""档位"", ""width"": null, ""identity"": null}, {""name"": ""价格（¥/秒）"", ""width"": null, ""identity"": null}, {""name"": ""备注"", ""width"": null, ""identity"": null}]","[[""2k"", ""¥0.35/秒"", ""按秒计费。\n计费秒数 = max(向上取整(输入视频时长), 5)；\n总价 = 单价 × 计费秒数。""]]",null,null,,,https://www.runninghub.cn/call-api/api-detail/2038503362263322627,2026-09-21T07:32:21.458615+00:00,official_public_table_not_actual_bill,False
vidu/image-to-video-q3-pro,2017174622010937346,required_media,见具体契约；标签不代替像素实测,1|2|3|4|5|6|7|8|9|10|11|12|13|14|15|16,"[{""name"": ""resolution"", ""width"": null, ""identity"": null}, {""name"": ""价格 (￥)"", ""width"": null, ""identity"": null}, {""name"": ""支持限免"", ""width"": null, ""identity"": ""freeLimit""}]","[[""2k"", ""1.09/秒"", ""false""]]",null,null,,,https://www.runninghub.cn/call-api/api-detail/2017174622010937346,2026-09-21T07:32:02.134140+00:00,official_public_table_not_actual_bill,False
volc-enhance-fast/video,2133100000000800374,upscaler,独立视频增强/超分,,"[{""name"": ""处理版本"", ""width"": null, ""identity"": null}, {""name"": ""输出分辨率"", ""width"": null, ""identity"": null}, {""name"": ""帧率 ≤ 30"", ""width"": null, ""identity"": null}, {""name"": ""30 < 帧率 ≤ 60"", ""width"": null, ""identity"": null}, {""name"": ""60 < 帧率 ≤ 120"", ""width"": null, ""identity"": null}]","[[""极速版"", ""2k"", ""¥0.0127/秒"", ""¥0.0253/秒"", ""¥0.0507/秒""]]",null,null,输出视频时长（秒）× 单价（版本 × 分辨率 × 帧率档）。,未填写 resolution 时按源视频分辨率确定计费档；未填写 fps 时按源视频帧率计费；240p～540p 按 720p 档计费。,https://www.runninghub.cn/call-api/api-detail/2133100000000800374,2026-09-21T07:32:58.212572+00:00,official_public_table_not_actual_bill,False
volc-enhance-generative/video,2133100000000800372,upscaler,独立视频增强/超分,,"[{""name"": ""处理版本"", ""width"": null, ""identity"": null}, {""name"": ""输出分辨率"", ""width"": null, ""identity"": null}, {""name"": ""帧率 ≤ 30"", ""width"": null, ""identity"": null}, {""name"": ""30 < 帧率 ≤ 60"", ""width"": null, ""identity"": null}, {""name"": ""60 < 帧率 ≤ 120"", ""width"": null, ""identity"": null}]","[[""大模型版"", ""2k"", ""¥0.1583/秒"", ""¥0.3167/秒"", ""¥0.6333/秒""]]",null,null,输出视频时长（秒）× 单价（版本 × 分辨率 × 帧率档）。,未填写 resolution 时按源视频分辨率确定计费档且最低按 720p；未填写 fps 时按源视频帧率计费。,https://www.runninghub.cn/call-api/api-detail/2133100000000800372,2026-09-21T07:32:57.294863+00:00,official_public_table_not_actual_bill,False
volc-enhance/video,2133100000000800373,upscaler,独立视频增强/超分,,"[{""name"": ""处理版本"", ""width"": null, ""identity"": null}, {""name"": ""输出分辨率"", ""width"": null, ""identity"": null}, {""name"": ""帧率 ≤ 30"", ""width"": null, ""identity"": null}, {""name"": ""30 < 帧率 ≤ 60"", ""width"": null, ""identity"": null}, {""name"": ""60 < 帧率 ≤ 120"", ""width"": null, ""identity"": null}]","[[""标准版"", ""2k"", ""¥0.0475/秒"", ""¥0.095/秒"", ""¥0.19/秒""], [""专业版"", ""2k"", ""¥0.475/秒"", ""¥0.95/秒"", ""¥1.9/秒""]]",null,null,输出视频时长（秒）× 单价（版本 × 分辨率 × 帧率档）。,未填写 resolution 时按源视频分辨率确定计费档；未填写 fps 时按源视频帧率计费；240p～540p 按 720p 档计费。,https://www.runninghub.cn/call-api/api-detail/2133100000000800373,2026-09-21T07:32:57.800647+00:00,official_public_table_not_actual_bill,False
